{
  "CSC": {
    "destinations": [
      "40.84915, -96.70926",
      "38.0363834, -78.5090751",
      "38.0364922, -78.5082327",
      "38.0358454, -78.5082573",
      "38.0356585, -78.5073389",
      "38.0353691, -78.5082466",
      "38.0355201, -78.5088863"
    ],
    "zones": {
      "1": [
        "38.0360747, -78.5095965",
        "38.0357832, -78.5085773",
        "38.0363197, -78.508411",
        "38.0367232, -78.5092774"
      ],
      "2": [
        "38.0366096, -78.5085882",
        "38.0364175, -78.5085945",
        "38.0363229, -78.5084036",
        "38.0359041, -78.5084551",
        "38.0357667, -78.5083425",
        "38.035752, -78.5082218",
        "38.0365209, -78.5079482",
        "38.0366435, -78.5084256"
      ],
      "3": [
        "38.03562, -78.5082543",
        "38.0355355, -78.5080578",
        "38.0352815, -78.5078198",
        "38.0354219, -78.5074919",
        "38.0355867, -78.5071485",
        "38.0359226, -78.5070224",
        "38.0361993, -78.5078217",
        "38.035949, -78.5081416"
      ],
      "4": [
        "38.0355629, -78.5084226",
        "38.0352799, -78.5086077",
        "38.0350919, -78.5078942",
        "38.0353073, -78.5078593",
        "38.0355208, -78.5080632"
      ],
      "5": [
        "38.0357067, -78.50903",
        "38.0354489, -78.5091292",
        "38.0352842, -78.5086465",
        "38.0355841, -78.5084721"
      ]
    },
    "fadeDistances": {
      "1": 25.0,
      "2": 25.0,
      "3": 25.0,
      "4": 25.0,
      "5": 25.0
    }
  }
}
