{
  "CSC": {
    "destinations": [
      "40.8490314, -96.7091504",
      "40.84896, -96.70942",
      "40.848884, -96.7098776",
      "40.8486182, -96.7100117", 
      "40.8478999, -96.7099554",
      "40.8480825, -96.7096818",
      "40.8485228, -96.7097569"
    ],
    "zones": {
      "1": [
          "40.8491477, -96.7091024",
          "40.8489753, -96.7095986",
          "40.8488191, -96.7095289",
          "40.8488071, -96.7091722",
          "40.8489717, -96.7089122"
      ],
      "2": [
          "40.8490468, -96.7099646",
          "40.8485234, -96.7101175",
          "40.8485518, -96.7098331",
          "40.8489596, -96.7097446"
      ],
      "3": [
          "40.8483281, -96.7101651",
          "40.8478148, -96.7102241",
          "40.8478168, -96.7099076",
          "40.8479487, -96.7098305",
          "40.8480156, -96.7099786",
          "40.8483403, -96.7099317"
      ],
      "4": [
          "40.848044, -96.7099065",
          "40.8479689, -96.7096517",
          "40.8482915, -96.7096329",
          "40.8482854, -96.70981"
      ],
      "5": [
          "40.8483126, -96.7096287",
          "40.8486839, -96.7095643",
          "40.8487083, -96.7097735",
          "40.8485338, -96.7098486",
          "40.8483167, -96.7098379"
      ]
    },
    "fadeDistances": {
      "1": 16.0,
      "2": 10.0,
      "3": 25.0,
      "4": 20.0,
      "5": 50.0
    }
  }
}
