{
  "CSC": {
    "destinations": [
      "38.0359091, -78.508654",
      "38.0364045, -78.5092025",
      "38.0364922, -78.5082327",
      "38.0358898, -78.5083163",
      "38.0356585, -78.5073389",
      "38.0353691, -78.5082466",
      "38.0355201, -78.5088863"
    ],
    "zones": {
      "1": [
        "38.0360747, -78.5095965",
        "38.0357832, -78.5085773",
        "38.0363197, -78.508411",
        "38.0367, -78.5093042"
      ],
      "2": [
        "38.0365837, -78.5084514",
        "38.0364592, -78.5084658",
        "38.0363514, -78.5082888",
        "38.0359036, -78.5084551",
        "38.0357662, -78.5083425",
        "38.0357515, -78.5082218",
        "38.0365204, -78.5079482",
        "38.036643, -78.5084256"
      ],
      "3": [
        "38.0356015, -78.5081222",
        "38.0356226, -78.507579",
        "38.0355444, -78.5073256",
        "38.0355867, -78.5071485",
        "38.0357916, -78.5071914",
        "38.0359669, -78.5077064",
        "38.0359669, -78.5080819"
      ],
      "4": [
        "38.03547, -78.5084226",
        "38.0352545, -78.508546",
        "38.0350919, -78.5078942",
        "38.0354848, -78.5074972",
        "38.0355947, -78.5077547"
      ],
      "5": [
        "38.0357067, -78.50903",
        "38.0354489, -78.5091292",
        "38.0352567, -78.5085607",
        "38.0355715, -78.5084238"
      ]
    },
    "fadeDistances": {
      "1": 16.0,
      "2": 10.0,
      "3": 25.0,
      "4": 20.0,
      "5": 50.0
    }
  }
}
